difficulty,index,method,psnr,ssim,preparation,reference_size,candidate_size
easy,1,bicubic,24.9553,0.6479,64x16_bicubic_to_128x32,128x32,128x32
easy,1,realesrgan,22.4031,0.7298,canonical_128x32,128x32,128x32
easy,1,tsrn,26.8015,0.838,canonical_128x32,128x32,128x32
easy,2,bicubic,23.1728,0.6683,64x16_bicubic_to_128x32,128x32,128x32
easy,2,realesrgan,20.2348,0.7608,canonical_128x32,128x32,128x32
easy,2,tsrn,26.4134,0.8944,canonical_128x32,128x32,128x32
easy,3,bicubic,27.3431,0.6534,64x16_bicubic_to_128x32,128x32,128x32
easy,3,realesrgan,23.4692,0.5671,canonical_128x32,128x32,128x32
easy,3,tsrn,28.6648,0.8195,canonical_128x32,128x32,128x32
easy,4,bicubic,22.9863,0.6484,64x16_bicubic_to_128x32,128x32,128x32
easy,4,realesrgan,21.2484,0.7133,canonical_128x32,128x32,128x32
easy,4,tsrn,28.6632,0.9309,canonical_128x32,128x32,128x32
easy,5,bicubic,23.4088,0.6757,64x16_bicubic_to_128x32,128x32,128x32
easy,5,realesrgan,21.2097,0.7765,canonical_128x32,128x32,128x32
easy,5,tsrn,25.2981,0.8955,canonical_128x32,128x32,128x32
easy,6,bicubic,22.8694,0.6647,64x16_bicubic_to_128x32,128x32,128x32
easy,6,realesrgan,20.8469,0.7755,canonical_128x32,128x32,128x32
easy,6,tsrn,26.4894,0.8832,canonical_128x32,128x32,128x32
easy,7,bicubic,23.5093,0.6844,64x16_bicubic_to_128x32,128x32,128x32
easy,7,realesrgan,22.3579,0.7942,canonical_128x32,128x32,128x32
easy,7,tsrn,27.8576,0.9264,canonical_128x32,128x32,128x32
easy,8,bicubic,23.1771,0.6563,64x16_bicubic_to_128x32,128x32,128x32
easy,8,realesrgan,22.7556,0.7986,canonical_128x32,128x32,128x32
easy,8,tsrn,27.2485,0.9258,canonical_128x32,128x32,128x32
easy,9,bicubic,27.2947,0.6692,64x16_bicubic_to_128x32,128x32,128x32
easy,9,realesrgan,25.4636,0.6637,canonical_128x32,128x32,128x32
easy,9,tsrn,29.4263,0.8407,canonical_128x32,128x32,128x32
easy,10,bicubic,24.439,0.879,64x16_bicubic_to_128x32,128x32,128x32
easy,10,realesrgan,20.15,0.7865,canonical_128x32,128x32,128x32
easy,10,tsrn,24.1109,0.8812,canonical_128x32,128x32,128x32
easy,11,bicubic,20.7848,0.7071,64x16_bicubic_to_128x32,128x32,128x32
easy,11,realesrgan,20.8128,0.6634,canonical_128x32,128x32,128x32
easy,11,tsrn,22.9959,0.8211,canonical_128x32,128x32,128x32
easy,12,bicubic,26.0079,0.7652,64x16_bicubic_to_128x32,128x32,128x32
easy,12,realesrgan,19.8057,0.4932,canonical_128x32,128x32,128x32
easy,12,tsrn,20.1521,0.6815,canonical_128x32,128x32,128x32
easy,13,bicubic,26.2237,0.7745,64x16_bicubic_to_128x32,128x32,128x32
easy,13,realesrgan,20.2804,0.5379,canonical_128x32,128x32,128x32
easy,13,tsrn,23.841,0.7813,canonical_128x32,128x32,128x32
easy,14,bicubic,28.1934,0.7594,64x16_bicubic_to_128x32,128x32,128x32
easy,14,realesrgan,20.8173,0.4971,canonical_128x32,128x32,128x32
easy,14,tsrn,25.1094,0.7603,canonical_128x32,128x32,128x32
easy,15,bicubic,19.9186,0.6757,64x16_bicubic_to_128x32,128x32,128x32
easy,15,realesrgan,20.5339,0.6709,canonical_128x32,128x32,128x32
easy,15,tsrn,21.8037,0.8708,canonical_128x32,128x32,128x32
easy,16,bicubic,21.7967,0.7121,64x16_bicubic_to_128x32,128x32,128x32
easy,16,realesrgan,21.0553,0.7202,canonical_128x32,128x32,128x32
easy,16,tsrn,21.8306,0.8004,canonical_128x32,128x32,128x32
easy,17,bicubic,22.2965,0.7107,64x16_bicubic_to_128x32,128x32,128x32
easy,17,realesrgan,18.6247,0.6734,canonical_128x32,128x32,128x32
easy,17,tsrn,25.2648,0.879,canonical_128x32,128x32,128x32
easy,18,bicubic,32.4683,0.8709,64x16_bicubic_to_128x32,128x32,128x32
easy,18,realesrgan,32.2597,0.8544,canonical_128x32,128x32,128x32
easy,18,tsrn,21.031,0.7295,canonical_128x32,128x32,128x32
easy,19,bicubic,35.1959,0.9455,64x16_bicubic_to_128x32,128x32,128x32
easy,19,realesrgan,36.4931,0.941,canonical_128x32,128x32,128x32
easy,19,tsrn,19.9004,0.6997,canonical_128x32,128x32,128x32
easy,20,bicubic,34.7439,0.9584,64x16_bicubic_to_128x32,128x32,128x32
easy,20,realesrgan,34.2255,0.9477,canonical_128x32,128x32,128x32
easy,20,tsrn,22.4387,0.6841,canonical_128x32,128x32,128x32
easy,21,bicubic,32.0682,0.8768,64x16_bicubic_to_128x32,128x32,128x32
easy,21,realesrgan,32.0411,0.8535,canonical_128x32,128x32,128x32
easy,21,tsrn,21.4349,0.5923,canonical_128x32,128x32,128x32
easy,22,bicubic,33.3647,0.9218,64x16_bicubic_to_128x32,128x32,128x32
easy,22,realesrgan,34.6809,0.9131,canonical_128x32,128x32,128x32
easy,22,tsrn,17.5668,0.6524,canonical_128x32,128x32,128x32
easy,23,bicubic,33.7713,0.9556,64x16_bicubic_to_128x32,128x32,128x32
easy,23,realesrgan,34.0182,0.9405,canonical_128x32,128x32,128x32
easy,23,tsrn,21.005,0.7225,canonical_128x32,128x32,128x32
easy,24,bicubic,31.3641,0.8629,64x16_bicubic_to_128x32,128x32,128x32
easy,24,realesrgan,31.9526,0.8501,canonical_128x32,128x32,128x32
easy,24,tsrn,23.4023,0.684,canonical_128x32,128x32,128x32
easy,25,bicubic,35.0375,0.9436,64x16_bicubic_to_128x32,128x32,128x32
easy,25,realesrgan,35.4988,0.928,canonical_128x32,128x32,128x32
easy,25,tsrn,23.1643,0.7146,canonical_128x32,128x32,128x32
easy,26,bicubic,34.4874,0.9422,64x16_bicubic_to_128x32,128x32,128x32
easy,26,realesrgan,34.7139,0.922,canonical_128x32,128x32,128x32
easy,26,tsrn,20.025,0.6593,canonical_128x32,128x32,128x32
easy,27,bicubic,30.9952,0.8477,64x16_bicubic_to_128x32,128x32,128x32
easy,27,realesrgan,31.0542,0.8293,canonical_128x32,128x32,128x32
easy,27,tsrn,22.5479,0.5917,canonical_128x32,128x32,128x32
easy,28,bicubic,34.0549,0.9327,64x16_bicubic_to_128x32,128x32,128x32
easy,28,realesrgan,33.1902,0.8751,canonical_128x32,128x32,128x32
easy,28,tsrn,22.6528,0.7049,canonical_128x32,128x32,128x32
easy,29,bicubic,33.9146,0.9369,64x16_bicubic_to_128x32,128x32,128x32
easy,29,realesrgan,36.2975,0.937,canonical_128x32,128x32,128x32
easy,29,tsrn,24.1957,0.7924,canonical_128x32,128x32,128x32
easy,30,bicubic,28.6318,0.7169,64x16_bicubic_to_128x32,128x32,128x32
easy,30,realesrgan,21.7884,0.461,canonical_128x32,128x32,128x32
easy,30,tsrn,25.7473,0.6442,canonical_128x32,128x32,128x32
easy,31,bicubic,33.6673,0.9028,64x16_bicubic_to_128x32,128x32,128x32
easy,31,realesrgan,23.3297,0.5792,canonical_128x32,128x32,128x32
easy,31,tsrn,27.0378,0.8278,canonical_128x32,128x32,128x32
easy,32,bicubic,28.5402,0.785,64x16_bicubic_to_128x32,128x32,128x32
easy,32,realesrgan,22.2745,0.5931,canonical_128x32,128x32,128x32
easy,32,tsrn,25.4884,0.7235,canonical_128x32,128x32,128x32
easy,33,bicubic,32.3249,0.8756,64x16_bicubic_to_128x32,128x32,128x32
easy,33,realesrgan,29.2914,0.8228,canonical_128x32,128x32,128x32
easy,33,tsrn,29.7013,0.8346,canonical_128x32,128x32,128x32
easy,34,bicubic,29.3994,0.8034,64x16_bicubic_to_128x32,128x32,128x32
easy,34,realesrgan,27.443,0.7506,canonical_128x32,128x32,128x32
easy,34,tsrn,26.9299,0.7753,canonical_128x32,128x32,128x32
easy,35,bicubic,29.6199,0.777,64x16_bicubic_to_128x32,128x32,128x32
easy,35,realesrgan,27.1922,0.6823,canonical_128x32,128x32,128x32
easy,35,tsrn,26.2827,0.6732,canonical_128x32,128x32,128x32
easy,36,bicubic,23.877,0.6668,64x16_bicubic_to_128x32,128x32,128x32
easy,36,realesrgan,22.2411,0.5793,canonical_128x32,128x32,128x32
easy,36,tsrn,25.3921,0.7531,canonical_128x32,128x32,128x32
easy,37,bicubic,25.5976,0.7349,64x16_bicubic_to_128x32,128x32,128x32
easy,37,realesrgan,22.6751,0.5556,canonical_128x32,128x32,128x32
easy,37,tsrn,25.4941,0.7631,canonical_128x32,128x32,128x32
easy,38,bicubic,24.6479,0.673,64x16_bicubic_to_128x32,128x32,128x32
easy,38,realesrgan,19.5085,0.4127,canonical_128x32,128x32,128x32
easy,38,tsrn,25.4071,0.7583,canonical_128x32,128x32,128x32
easy,39,bicubic,25.2993,0.7074,64x16_bicubic_to_128x32,128x32,128x32
easy,39,realesrgan,23.8379,0.6082,canonical_128x32,128x32,128x32
easy,39,tsrn,26.2955,0.7821,canonical_128x32,128x32,128x32
easy,40,bicubic,23.7664,0.7524,64x16_bicubic_to_128x32,128x32,128x32
easy,40,realesrgan,20.0336,0.6834,canonical_128x32,128x32,128x32
easy,40,tsrn,26.7798,0.91,canonical_128x32,128x32,128x32
easy,41,bicubic,24.3469,0.7393,64x16_bicubic_to_128x32,128x32,128x32
easy,41,realesrgan,20.0537,0.6227,canonical_128x32,128x32,128x32
easy,41,tsrn,25.9802,0.8612,canonical_128x32,128x32,128x32
easy,42,bicubic,23.8922,0.7374,64x16_bicubic_to_128x32,128x32,128x32
easy,42,realesrgan,20.554,0.6214,canonical_128x32,128x32,128x32
easy,42,tsrn,25.666,0.8321,canonical_128x32,128x32,128x32
easy,43,bicubic,24.7513,0.7576,64x16_bicubic_to_128x32,128x32,128x32
easy,43,realesrgan,21.7762,0.6632,canonical_128x32,128x32,128x32
easy,43,tsrn,27.1935,0.8541,canonical_128x32,128x32,128x32
easy,44,bicubic,27.3578,0.7496,64x16_bicubic_to_128x32,128x32,128x32
easy,44,realesrgan,24.913,0.6518,canonical_128x32,128x32,128x32
easy,44,tsrn,27.3056,0.7757,canonical_128x32,128x32,128x32
easy,45,bicubic,31.1173,0.8154,64x16_bicubic_to_128x32,128x32,128x32
easy,45,realesrgan,27.4701,0.697,canonical_128x32,128x32,128x32
easy,45,tsrn,29.7162,0.8512,canonical_128x32,128x32,128x32
easy,46,bicubic,30.3861,0.791,64x16_bicubic_to_128x32,128x32,128x32
easy,46,realesrgan,27.2495,0.6802,canonical_128x32,128x32,128x32
easy,46,tsrn,29.7369,0.8521,canonical_128x32,128x32,128x32
easy,47,bicubic,27.5294,0.7849,64x16_bicubic_to_128x32,128x32,128x32
easy,47,realesrgan,24.5957,0.6775,canonical_128x32,128x32,128x32
easy,47,tsrn,28.545,0.8266,canonical_128x32,128x32,128x32
easy,48,bicubic,24.1747,0.7351,64x16_bicubic_to_128x32,128x32,128x32
easy,48,realesrgan,21.0869,0.6253,canonical_128x32,128x32,128x32
easy,48,tsrn,26.8814,0.8453,canonical_128x32,128x32,128x32
easy,49,bicubic,24.3543,0.7417,64x16_bicubic_to_128x32,128x32,128x32
easy,49,realesrgan,20.588,0.6173,canonical_128x32,128x32,128x32
easy,49,tsrn,27.3338,0.864,canonical_128x32,128x32,128x32
easy,50,bicubic,23.5758,0.7502,64x16_bicubic_to_128x32,128x32,128x32
easy,50,realesrgan,19.0825,0.6394,canonical_128x32,128x32,128x32
easy,50,tsrn,27.8963,0.9248,canonical_128x32,128x32,128x32
easy,51,bicubic,23.9583,0.7607,64x16_bicubic_to_128x32,128x32,128x32
easy,51,realesrgan,19.0661,0.6348,canonical_128x32,128x32,128x32
easy,51,tsrn,27.2501,0.9219,canonical_128x32,128x32,128x32
easy,52,bicubic,24.3787,0.74,64x16_bicubic_to_128x32,128x32,128x32
easy,52,realesrgan,20.7763,0.6255,canonical_128x32,128x32,128x32
easy,52,tsrn,27.1411,0.8744,canonical_128x32,128x32,128x32
easy,53,bicubic,25.2895,0.7587,64x16_bicubic_to_128x32,128x32,128x32
easy,53,realesrgan,21.4935,0.6428,canonical_128x32,128x32,128x32
easy,53,tsrn,26.5846,0.8326,canonical_128x32,128x32,128x32
easy,54,bicubic,25.2626,0.744,64x16_bicubic_to_128x32,128x32,128x32
easy,54,realesrgan,21.7115,0.5946,canonical_128x32,128x32,128x32
easy,54,tsrn,26.8899,0.8253,canonical_128x32,128x32,128x32
easy,55,bicubic,29.255,0.7498,64x16_bicubic_to_128x32,128x32,128x32
easy,55,realesrgan,26.4426,0.6309,canonical_128x32,128x32,128x32
easy,55,tsrn,27.9683,0.7274,canonical_128x32,128x32,128x32
easy,56,bicubic,32.8101,0.8238,64x16_bicubic_to_128x32,128x32,128x32
easy,56,realesrgan,29.8921,0.7221,canonical_128x32,128x32,128x32
easy,56,tsrn,28.9441,0.7779,canonical_128x32,128x32,128x32
easy,57,bicubic,30.929,0.7906,64x16_bicubic_to_128x32,128x32,128x32
easy,57,realesrgan,27.2368,0.6493,canonical_128x32,128x32,128x32
easy,57,tsrn,28.8868,0.7816,canonical_128x32,128x32,128x32
easy,58,bicubic,28.3398,0.7795,64x16_bicubic_to_128x32,128x32,128x32
easy,58,realesrgan,25.2313,0.6363,canonical_128x32,128x32,128x32
easy,58,tsrn,27.0537,0.8033,canonical_128x32,128x32,128x32
easy,59,bicubic,23.9921,0.7268,64x16_bicubic_to_128x32,128x32,128x32
easy,59,realesrgan,20.4762,0.5776,canonical_128x32,128x32,128x32
easy,59,tsrn,25.966,0.8251,canonical_128x32,128x32,128x32
easy,60,bicubic,24.6071,0.7485,64x16_bicubic_to_128x32,128x32,128x32
easy,60,realesrgan,21.2428,0.6306,canonical_128x32,128x32,128x32
easy,60,tsrn,27.5235,0.8718,canonical_128x32,128x32,128x32
easy,61,bicubic,23.548,0.7407,64x16_bicubic_to_128x32,128x32,128x32
easy,61,realesrgan,19.7151,0.621,canonical_128x32,128x32,128x32
easy,61,tsrn,27.059,0.913,canonical_128x32,128x32,128x32
easy,62,bicubic,24.508,0.7496,64x16_bicubic_to_128x32,128x32,128x32
easy,62,realesrgan,21.153,0.6806,canonical_128x32,128x32,128x32
easy,62,tsrn,28.082,0.9131,canonical_128x32,128x32,128x32
easy,63,bicubic,24.7698,0.7434,64x16_bicubic_to_128x32,128x32,128x32
easy,63,realesrgan,20.613,0.6137,canonical_128x32,128x32,128x32
easy,63,tsrn,28.8176,0.891,canonical_128x32,128x32,128x32
easy,64,bicubic,24.8675,0.741,64x16_bicubic_to_128x32,128x32,128x32
easy,64,realesrgan,20.5283,0.5809,canonical_128x32,128x32,128x32
easy,64,tsrn,27.0044,0.8317,canonical_128x32,128x32,128x32
easy,65,bicubic,26.441,0.7641,64x16_bicubic_to_128x32,128x32,128x32
easy,65,realesrgan,21.8843,0.5338,canonical_128x32,128x32,128x32
easy,65,tsrn,26.1305,0.8186,canonical_128x32,128x32,128x32
easy,66,bicubic,30.7621,0.7998,64x16_bicubic_to_128x32,128x32,128x32
easy,66,realesrgan,28.2041,0.7038,canonical_128x32,128x32,128x32
easy,66,tsrn,26.2662,0.7545,canonical_128x32,128x32,128x32
easy,67,bicubic,32.3944,0.825,64x16_bicubic_to_128x32,128x32,128x32
easy,67,realesrgan,27.8194,0.6475,canonical_128x32,128x32,128x32
easy,67,tsrn,30.6817,0.7933,canonical_128x32,128x32,128x32
easy,68,bicubic,32.4587,0.8543,64x16_bicubic_to_128x32,128x32,128x32
easy,68,realesrgan,27.6201,0.6189,canonical_128x32,128x32,128x32
easy,68,tsrn,28.9107,0.8317,canonical_128x32,128x32,128x32
easy,69,bicubic,28.5839,0.771,64x16_bicubic_to_128x32,128x32,128x32
easy,69,realesrgan,25.1787,0.5801,canonical_128x32,128x32,128x32
easy,69,tsrn,28.278,0.7844,canonical_128x32,128x32,128x32
easy,70,bicubic,24.2181,0.7323,64x16_bicubic_to_128x32,128x32,128x32
easy,70,realesrgan,21.1449,0.5936,canonical_128x32,128x32,128x32
easy,70,tsrn,25.841,0.8082,canonical_128x32,128x32,128x32
easy,71,bicubic,24.2471,0.576,64x16_bicubic_to_128x32,128x32,128x32
easy,71,realesrgan,24.2173,0.595,canonical_128x32,128x32,128x32
easy,71,tsrn,24.8531,0.688,canonical_128x32,128x32,128x32
easy,72,bicubic,23.4556,0.5421,64x16_bicubic_to_128x32,128x32,128x32
easy,72,realesrgan,23.337,0.5403,canonical_128x32,128x32,128x32
easy,72,tsrn,23.7533,0.7395,canonical_128x32,128x32,128x32
easy,73,bicubic,25.0432,0.6237,64x16_bicubic_to_128x32,128x32,128x32
easy,73,realesrgan,23.9778,0.6821,canonical_128x32,128x32,128x32
easy,73,tsrn,25.6172,0.6908,canonical_128x32,128x32,128x32
easy,74,bicubic,23.974,0.5806,64x16_bicubic_to_128x32,128x32,128x32
easy,74,realesrgan,23.6103,0.5904,canonical_128x32,128x32,128x32
easy,74,tsrn,23.1372,0.69,canonical_128x32,128x32,128x32
easy,75,bicubic,26.2253,0.6347,64x16_bicubic_to_128x32,128x32,128x32
easy,75,realesrgan,26.3584,0.6369,canonical_128x32,128x32,128x32
easy,75,tsrn,27.0016,0.7036,canonical_128x32,128x32,128x32
easy,76,bicubic,25.6508,0.6353,64x16_bicubic_to_128x32,128x32,128x32
easy,76,realesrgan,25.7818,0.6469,canonical_128x32,128x32,128x32
easy,76,tsrn,27.0578,0.7414,canonical_128x32,128x32,128x32
easy,77,bicubic,28.1579,0.7032,64x16_bicubic_to_128x32,128x32,128x32
easy,77,realesrgan,27.5084,0.6849,canonical_128x32,128x32,128x32
easy,77,tsrn,23.881,0.7042,canonical_128x32,128x32,128x32
easy,78,bicubic,27.5601,0.6727,64x16_bicubic_to_128x32,128x32,128x32
easy,78,realesrgan,27.4865,0.6627,canonical_128x32,128x32,128x32
easy,78,tsrn,26.7111,0.6691,canonical_128x32,128x32,128x32
easy,79,bicubic,31.4109,0.7726,64x16_bicubic_to_128x32,128x32,128x32
easy,79,realesrgan,31.3915,0.7467,canonical_128x32,128x32,128x32
easy,79,tsrn,28.5224,0.7466,canonical_128x32,128x32,128x32
easy,80,bicubic,30.5464,0.7735,64x16_bicubic_to_128x32,128x32,128x32
easy,80,realesrgan,30.4929,0.7514,canonical_128x32,128x32,128x32
easy,80,tsrn,30.5074,0.8065,canonical_128x32,128x32,128x32
easy,81,bicubic,23.4536,0.6082,64x16_bicubic_to_128x32,128x32,128x32
easy,81,realesrgan,20.4842,0.6216,canonical_128x32,128x32,128x32
easy,81,tsrn,29.3994,0.9073,canonical_128x32,128x32,128x32
easy,82,bicubic,25.5866,0.6992,64x16_bicubic_to_128x32,128x32,128x32
easy,82,realesrgan,23.0266,0.6688,canonical_128x32,128x32,128x32
easy,82,tsrn,25.1221,0.8301,canonical_128x32,128x32,128x32
easy,83,bicubic,24.3515,0.6366,64x16_bicubic_to_128x32,128x32,128x32
easy,83,realesrgan,23.2863,0.6255,canonical_128x32,128x32,128x32
easy,83,tsrn,27.9636,0.8554,canonical_128x32,128x32,128x32
easy,84,bicubic,23.0251,0.594,64x16_bicubic_to_128x32,128x32,128x32
easy,84,realesrgan,22.6587,0.5939,canonical_128x32,128x32,128x32
easy,84,tsrn,26.9906,0.8639,canonical_128x32,128x32,128x32
easy,85,bicubic,28.7392,0.7694,64x16_bicubic_to_128x32,128x32,128x32
easy,85,realesrgan,27.8099,0.7383,canonical_128x32,128x32,128x32
easy,85,tsrn,26.8713,0.8233,canonical_128x32,128x32,128x32
easy,86,bicubic,29.27,0.7598,64x16_bicubic_to_128x32,128x32,128x32
easy,86,realesrgan,27.9292,0.6793,canonical_128x32,128x32,128x32
easy,86,tsrn,24.3838,0.7764,canonical_128x32,128x32,128x32
easy,87,bicubic,32.4443,0.8336,64x16_bicubic_to_128x32,128x32,128x32
easy,87,realesrgan,31.5256,0.8081,canonical_128x32,128x32,128x32
easy,87,tsrn,26.8377,0.7556,canonical_128x32,128x32,128x32
easy,88,bicubic,26.5752,0.6916,64x16_bicubic_to_128x32,128x32,128x32
easy,88,realesrgan,24.9567,0.6417,canonical_128x32,128x32,128x32
easy,88,tsrn,27.4338,0.7963,canonical_128x32,128x32,128x32
easy,89,bicubic,29.8288,0.7375,64x16_bicubic_to_128x32,128x32,128x32
easy,89,realesrgan,29.0575,0.7219,canonical_128x32,128x32,128x32
easy,89,tsrn,27.3534,0.7231,canonical_128x32,128x32,128x32
easy,90,bicubic,26.2477,0.6611,64x16_bicubic_to_128x32,128x32,128x32
easy,90,realesrgan,25.3147,0.6016,canonical_128x32,128x32,128x32
easy,90,tsrn,27.1547,0.7961,canonical_128x32,128x32,128x32
easy,91,bicubic,30.1927,0.7759,64x16_bicubic_to_128x32,128x32,128x32
easy,91,realesrgan,29.8894,0.7329,canonical_128x32,128x32,128x32
easy,91,tsrn,29.2981,0.8173,canonical_128x32,128x32,128x32
easy,92,bicubic,31.5631,0.7994,64x16_bicubic_to_128x32,128x32,128x32
easy,92,realesrgan,30.4224,0.7609,canonical_128x32,128x32,128x32
easy,92,tsrn,26.4479,0.7515,canonical_128x32,128x32,128x32
easy,93,bicubic,27.0359,0.7085,64x16_bicubic_to_128x32,128x32,128x32
easy,93,realesrgan,26.5989,0.6839,canonical_128x32,128x32,128x32
easy,93,tsrn,26.6099,0.7991,canonical_128x32,128x32,128x32
easy,94,bicubic,28.4007,0.7179,64x16_bicubic_to_128x32,128x32,128x32
easy,94,realesrgan,27.2371,0.6669,canonical_128x32,128x32,128x32
easy,94,tsrn,26.3846,0.8288,canonical_128x32,128x32,128x32
easy,95,bicubic,25.1871,0.6228,64x16_bicubic_to_128x32,128x32,128x32
easy,95,realesrgan,24.3497,0.5947,canonical_128x32,128x32,128x32
easy,95,tsrn,28.5725,0.8553,canonical_128x32,128x32,128x32
easy,96,bicubic,30.2288,0.7953,64x16_bicubic_to_128x32,128x32,128x32
easy,96,realesrgan,29.4105,0.7279,canonical_128x32,128x32,128x32
easy,96,tsrn,29.5134,0.8357,canonical_128x32,128x32,128x32
easy,97,bicubic,23.0865,0.6128,64x16_bicubic_to_128x32,128x32,128x32
easy,97,realesrgan,21.7243,0.5745,canonical_128x32,128x32,128x32
easy,97,tsrn,26.8881,0.875,canonical_128x32,128x32,128x32
easy,98,bicubic,32.3595,0.854,64x16_bicubic_to_128x32,128x32,128x32
easy,98,realesrgan,31.7573,0.8347,canonical_128x32,128x32,128x32
easy,98,tsrn,27.8688,0.7657,canonical_128x32,128x32,128x32
easy,99,bicubic,30.0803,0.8068,64x16_bicubic_to_128x32,128x32,128x32
easy,99,realesrgan,29.8758,0.7989,canonical_128x32,128x32,128x32
easy,99,tsrn,28.0732,0.7966,canonical_128x32,128x32,128x32
easy,100,bicubic,31.398,0.816,64x16_bicubic_to_128x32,128x32,128x32
easy,100,realesrgan,30.7176,0.7796,canonical_128x32,128x32,128x32
easy,100,tsrn,29.6332,0.791,canonical_128x32,128x32,128x32
medium,1,bicubic,21.6053,0.7454,64x16_bicubic_to_128x32,128x32,128x32
medium,1,realesrgan,15.7722,0.6259,canonical_128x32,128x32,128x32
medium,1,tsrn,17.5143,0.7424,canonical_128x32,128x32,128x32
medium,2,bicubic,20.2526,0.58,64x16_bicubic_to_128x32,128x32,128x32
medium,2,realesrgan,19.1794,0.5261,canonical_128x32,128x32,128x32
medium,2,tsrn,17.9964,0.6398,canonical_128x32,128x32,128x32
medium,3,bicubic,19.5907,0.5658,64x16_bicubic_to_128x32,128x32,128x32
medium,3,realesrgan,19.1277,0.5791,canonical_128x32,128x32,128x32
medium,3,tsrn,20.2622,0.6624,canonical_128x32,128x32,128x32
medium,4,bicubic,19.9695,0.6099,64x16_bicubic_to_128x32,128x32,128x32
medium,4,realesrgan,15.7717,0.5894,canonical_128x32,128x32,128x32
medium,4,tsrn,19.1355,0.6232,canonical_128x32,128x32,128x32
medium,5,bicubic,19.8893,0.5929,64x16_bicubic_to_128x32,128x32,128x32
medium,5,realesrgan,16.886,0.5901,canonical_128x32,128x32,128x32
medium,5,tsrn,18.4617,0.6426,canonical_128x32,128x32,128x32
medium,6,bicubic,19.3902,0.5599,64x16_bicubic_to_128x32,128x32,128x32
medium,6,realesrgan,17.8057,0.4616,canonical_128x32,128x32,128x32
medium,6,tsrn,18.0605,0.5978,canonical_128x32,128x32,128x32
medium,7,bicubic,16.6582,0.4793,64x16_bicubic_to_128x32,128x32,128x32
medium,7,realesrgan,16.4742,0.5239,canonical_128x32,128x32,128x32
medium,7,tsrn,14.7448,0.5746,canonical_128x32,128x32,128x32
medium,8,bicubic,14.8499,0.5688,64x16_bicubic_to_128x32,128x32,128x32
medium,8,realesrgan,13.4138,0.5851,canonical_128x32,128x32,128x32
medium,8,tsrn,16.447,0.6896,canonical_128x32,128x32,128x32
medium,9,bicubic,15.4642,0.4414,64x16_bicubic_to_128x32,128x32,128x32
medium,9,realesrgan,15.1607,0.4405,canonical_128x32,128x32,128x32
medium,9,tsrn,17.8037,0.648,canonical_128x32,128x32,128x32
medium,10,bicubic,17.1704,0.5551,64x16_bicubic_to_128x32,128x32,128x32
medium,10,realesrgan,16.1267,0.5094,canonical_128x32,128x32,128x32
medium,10,tsrn,16.2053,0.5958,canonical_128x32,128x32,128x32
medium,11,bicubic,18.4835,0.6716,64x16_bicubic_to_128x32,128x32,128x32
medium,11,realesrgan,17.0647,0.6328,canonical_128x32,128x32,128x32
medium,11,tsrn,22.115,0.6334,canonical_128x32,128x32,128x32
medium,12,bicubic,21.3099,0.6266,64x16_bicubic_to_128x32,128x32,128x32
medium,12,realesrgan,20.2573,0.5937,canonical_128x32,128x32,128x32
medium,12,tsrn,23.0394,0.6254,canonical_128x32,128x32,128x32
medium,13,bicubic,17.0749,0.6565,64x16_bicubic_to_128x32,128x32,128x32
medium,13,realesrgan,14.7609,0.5558,canonical_128x32,128x32,128x32
medium,13,tsrn,23.7845,0.703,canonical_128x32,128x32,128x32
medium,14,bicubic,20.3126,0.5827,64x16_bicubic_to_128x32,128x32,128x32
medium,14,realesrgan,17.6566,0.5095,canonical_128x32,128x32,128x32
medium,14,tsrn,23.2294,0.6249,canonical_128x32,128x32,128x32
medium,15,bicubic,19.86,0.5763,64x16_bicubic_to_128x32,128x32,128x32
medium,15,realesrgan,17.3788,0.559,canonical_128x32,128x32,128x32
medium,15,tsrn,21.6581,0.6336,canonical_128x32,128x32,128x32
medium,16,bicubic,17.6682,0.6761,64x16_bicubic_to_128x32,128x32,128x32
medium,16,realesrgan,17.2678,0.6511,canonical_128x32,128x32,128x32
medium,16,tsrn,18.5662,0.7143,canonical_128x32,128x32,128x32
medium,17,bicubic,21.8027,0.6567,64x16_bicubic_to_128x32,128x32,128x32
medium,17,realesrgan,21.6755,0.6414,canonical_128x32,128x32,128x32
medium,17,tsrn,25.1817,0.7309,canonical_128x32,128x32,128x32
medium,18,bicubic,17.729,0.6922,64x16_bicubic_to_128x32,128x32,128x32
medium,18,realesrgan,17.6196,0.6606,canonical_128x32,128x32,128x32
medium,18,tsrn,21.4998,0.7331,canonical_128x32,128x32,128x32
medium,19,bicubic,21.9779,0.6592,64x16_bicubic_to_128x32,128x32,128x32
medium,19,realesrgan,21.8508,0.6386,canonical_128x32,128x32,128x32
medium,19,tsrn,26.0868,0.7073,canonical_128x32,128x32,128x32
medium,20,bicubic,17.7154,0.7115,64x16_bicubic_to_128x32,128x32,128x32
medium,20,realesrgan,17.5767,0.7045,canonical_128x32,128x32,128x32
medium,20,tsrn,18.9784,0.7318,canonical_128x32,128x32,128x32
medium,21,bicubic,21.0234,0.6732,64x16_bicubic_to_128x32,128x32,128x32
medium,21,realesrgan,21.0379,0.6759,canonical_128x32,128x32,128x32
medium,21,tsrn,24.3791,0.6844,canonical_128x32,128x32,128x32
medium,22,bicubic,17.464,0.6519,64x16_bicubic_to_128x32,128x32,128x32
medium,22,realesrgan,17.0295,0.6051,canonical_128x32,128x32,128x32
medium,22,tsrn,23.6026,0.6824,canonical_128x32,128x32,128x32
medium,23,bicubic,17.4537,0.7066,64x16_bicubic_to_128x32,128x32,128x32
medium,23,realesrgan,16.8517,0.649,canonical_128x32,128x32,128x32
medium,23,tsrn,20.1656,0.7025,canonical_128x32,128x32,128x32
medium,24,bicubic,20.3397,0.6624,64x16_bicubic_to_128x32,128x32,128x32
medium,24,realesrgan,20.205,0.6432,canonical_128x32,128x32,128x32
medium,24,tsrn,24.8944,0.6836,canonical_128x32,128x32,128x32
medium,25,bicubic,17.3725,0.6921,64x16_bicubic_to_128x32,128x32,128x32
medium,25,realesrgan,16.3596,0.6086,canonical_128x32,128x32,128x32
medium,25,tsrn,25.8271,0.6951,canonical_128x32,128x32,128x32
medium,26,bicubic,21.2883,0.6263,64x16_bicubic_to_128x32,128x32,128x32
medium,26,realesrgan,20.5648,0.5909,canonical_128x32,128x32,128x32
medium,26,tsrn,22.3445,0.6714,canonical_128x32,128x32,128x32
medium,27,bicubic,17.4889,0.6914,64x16_bicubic_to_128x32,128x32,128x32
medium,27,realesrgan,16.6472,0.5901,canonical_128x32,128x32,128x32
medium,27,tsrn,23.3987,0.7254,canonical_128x32,128x32,128x32
medium,28,bicubic,20.6791,0.656,64x16_bicubic_to_128x32,128x32,128x32
medium,28,realesrgan,19.8019,0.6135,canonical_128x32,128x32,128x32
medium,28,tsrn,25.0097,0.691,canonical_128x32,128x32,128x32
medium,29,bicubic,17.2555,0.6484,64x16_bicubic_to_128x32,128x32,128x32
medium,29,realesrgan,16.1703,0.5224,canonical_128x32,128x32,128x32
medium,29,tsrn,21.2619,0.6209,canonical_128x32,128x32,128x32
medium,30,bicubic,20.8197,0.6447,64x16_bicubic_to_128x32,128x32,128x32
medium,30,realesrgan,20.2429,0.5845,canonical_128x32,128x32,128x32
medium,30,tsrn,23.9587,0.6211,canonical_128x32,128x32,128x32
medium,31,bicubic,17.3765,0.6339,64x16_bicubic_to_128x32,128x32,128x32
medium,31,realesrgan,15.9633,0.5125,canonical_128x32,128x32,128x32
medium,31,tsrn,23.385,0.6323,canonical_128x32,128x32,128x32
medium,32,bicubic,21.1041,0.6175,64x16_bicubic_to_128x32,128x32,128x32
medium,32,realesrgan,20.4532,0.5748,canonical_128x32,128x32,128x32
medium,32,tsrn,23.3158,0.5867,canonical_128x32,128x32,128x32
medium,33,bicubic,17.1796,0.6114,64x16_bicubic_to_128x32,128x32,128x32
medium,33,realesrgan,15.6845,0.4742,canonical_128x32,128x32,128x32
medium,33,tsrn,22.5884,0.6413,canonical_128x32,128x32,128x32
medium,34,bicubic,20.0416,0.5132,64x16_bicubic_to_128x32,128x32,128x32
medium,34,realesrgan,19.0496,0.4828,canonical_128x32,128x32,128x32
medium,34,tsrn,23.1268,0.571,canonical_128x32,128x32,128x32
medium,35,bicubic,17.2264,0.6473,64x16_bicubic_to_128x32,128x32,128x32
medium,35,realesrgan,16.7346,0.6092,canonical_128x32,128x32,128x32
medium,35,tsrn,22.6108,0.7104,canonical_128x32,128x32,128x32
medium,36,bicubic,20.3006,0.6132,64x16_bicubic_to_128x32,128x32,128x32
medium,36,realesrgan,20.0913,0.5882,canonical_128x32,128x32,128x32
medium,36,tsrn,21.6081,0.6145,canonical_128x32,128x32,128x32
medium,37,bicubic,17.273,0.6108,64x16_bicubic_to_128x32,128x32,128x32
medium,37,realesrgan,15.7885,0.4576,canonical_128x32,128x32,128x32
medium,37,tsrn,23.8627,0.6604,canonical_128x32,128x32,128x32
medium,38,bicubic,20.5894,0.5449,64x16_bicubic_to_128x32,128x32,128x32
medium,38,realesrgan,18.2456,0.4334,canonical_128x32,128x32,128x32
medium,38,tsrn,23.5349,0.5929,canonical_128x32,128x32,128x32
medium,39,bicubic,17.4231,0.6669,64x16_bicubic_to_128x32,128x32,128x32
medium,39,realesrgan,15.6814,0.5018,canonical_128x32,128x32,128x32
medium,39,tsrn,21.001,0.7367,canonical_128x32,128x32,128x32
medium,40,bicubic,20.2643,0.5428,64x16_bicubic_to_128x32,128x32,128x32
medium,40,realesrgan,19.29,0.4835,canonical_128x32,128x32,128x32
medium,40,tsrn,22.6041,0.5767,canonical_128x32,128x32,128x32
medium,41,bicubic,17.1759,0.6086,64x16_bicubic_to_128x32,128x32,128x32
medium,41,realesrgan,15.7022,0.4563,canonical_128x32,128x32,128x32
medium,41,tsrn,20.8296,0.6619,canonical_128x32,128x32,128x32
medium,42,bicubic,20.4854,0.539,64x16_bicubic_to_128x32,128x32,128x32
medium,42,realesrgan,20.0725,0.4914,canonical_128x32,128x32,128x32
medium,42,tsrn,23.0213,0.5548,canonical_128x32,128x32,128x32
medium,43,bicubic,17.0373,0.6256,64x16_bicubic_to_128x32,128x32,128x32
medium,43,realesrgan,16.7773,0.596,canonical_128x32,128x32,128x32
medium,43,tsrn,22.0172,0.6812,canonical_128x32,128x32,128x32
medium,44,bicubic,17.4441,0.6306,64x16_bicubic_to_128x32,128x32,128x32
medium,44,realesrgan,16.6686,0.5472,canonical_128x32,128x32,128x32
medium,44,tsrn,22.609,0.627,canonical_128x32,128x32,128x32
medium,45,bicubic,21.1836,0.5892,64x16_bicubic_to_128x32,128x32,128x32
medium,45,realesrgan,21.1111,0.5496,canonical_128x32,128x32,128x32
medium,45,tsrn,24.2557,0.5588,canonical_128x32,128x32,128x32
medium,46,bicubic,17.7451,0.6512,64x16_bicubic_to_128x32,128x32,128x32
medium,46,realesrgan,17.6876,0.6363,canonical_128x32,128x32,128x32
medium,46,tsrn,24.1446,0.6329,canonical_128x32,128x32,128x32
medium,47,bicubic,21.2647,0.6494,64x16_bicubic_to_128x32,128x32,128x32
medium,47,realesrgan,21.3679,0.6286,canonical_128x32,128x32,128x32
medium,47,tsrn,24.8661,0.6511,canonical_128x32,128x32,128x32
medium,48,bicubic,17.4687,0.6278,64x16_bicubic_to_128x32,128x32,128x32
medium,48,realesrgan,17.2379,0.5897,canonical_128x32,128x32,128x32
medium,48,tsrn,20.1743,0.6468,canonical_128x32,128x32,128x32
medium,49,bicubic,21.15,0.5843,64x16_bicubic_to_128x32,128x32,128x32
medium,49,realesrgan,20.5922,0.5421,canonical_128x32,128x32,128x32
medium,49,tsrn,23.7102,0.5967,canonical_128x32,128x32,128x32
medium,50,bicubic,16.8738,0.7166,64x16_bicubic_to_128x32,128x32,128x32
medium,50,realesrgan,16.8471,0.6946,canonical_128x32,128x32,128x32
medium,50,tsrn,21.541,0.71,canonical_128x32,128x32,128x32
medium,51,bicubic,17.4094,0.675,64x16_bicubic_to_128x32,128x32,128x32
medium,51,realesrgan,16.76,0.5901,canonical_128x32,128x32,128x32
medium,51,tsrn,22.5165,0.687,canonical_128x32,128x32,128x32
medium,52,bicubic,20.8186,0.5975,64x16_bicubic_to_128x32,128x32,128x32
medium,52,realesrgan,20.4427,0.5933,canonical_128x32,128x32,128x32
medium,52,tsrn,23.54,0.5736,canonical_128x32,128x32,128x32
medium,53,bicubic,17.3753,0.6538,64x16_bicubic_to_128x32,128x32,128x32
medium,53,realesrgan,16.152,0.4943,canonical_128x32,128x32,128x32
medium,53,tsrn,20.8626,0.6941,canonical_128x32,128x32,128x32
medium,54,bicubic,20.9596,0.5976,64x16_bicubic_to_128x32,128x32,128x32
medium,54,realesrgan,20.3336,0.5257,canonical_128x32,128x32,128x32
medium,54,tsrn,24.8117,0.6459,canonical_128x32,128x32,128x32
medium,55,bicubic,17.2993,0.6426,64x16_bicubic_to_128x32,128x32,128x32
medium,55,realesrgan,16.9863,0.6042,canonical_128x32,128x32,128x32
medium,55,tsrn,22.7339,0.6657,canonical_128x32,128x32,128x32
medium,56,bicubic,21.2881,0.6439,64x16_bicubic_to_128x32,128x32,128x32
medium,56,realesrgan,20.717,0.5908,canonical_128x32,128x32,128x32
medium,56,tsrn,24.1636,0.6461,canonical_128x32,128x32,128x32
medium,57,bicubic,17.22,0.6606,64x16_bicubic_to_128x32,128x32,128x32
medium,57,realesrgan,16.9203,0.6105,canonical_128x32,128x32,128x32
medium,57,tsrn,20.5245,0.724,canonical_128x32,128x32,128x32
medium,58,bicubic,21.3033,0.6403,64x16_bicubic_to_128x32,128x32,128x32
medium,58,realesrgan,21.152,0.6304,canonical_128x32,128x32,128x32
medium,58,tsrn,24.5479,0.6836,canonical_128x32,128x32,128x32
medium,59,bicubic,17.5942,0.6953,64x16_bicubic_to_128x32,128x32,128x32
medium,59,realesrgan,17.3576,0.6361,canonical_128x32,128x32,128x32
medium,59,tsrn,25.6605,0.7353,canonical_128x32,128x32,128x32
medium,60,bicubic,17.5691,0.6382,64x16_bicubic_to_128x32,128x32,128x32
medium,60,realesrgan,16.9249,0.525,canonical_128x32,128x32,128x32
medium,60,tsrn,24.454,0.6403,canonical_128x32,128x32,128x32
medium,61,bicubic,21.1408,0.5704,64x16_bicubic_to_128x32,128x32,128x32
medium,61,realesrgan,21.0204,0.5431,canonical_128x32,128x32,128x32
medium,61,tsrn,23.4884,0.5848,canonical_128x32,128x32,128x32
medium,62,bicubic,17.3514,0.6608,64x16_bicubic_to_128x32,128x32,128x32
medium,62,realesrgan,17.2572,0.6158,canonical_128x32,128x32,128x32
medium,62,tsrn,21.0749,0.7057,canonical_128x32,128x32,128x32
medium,63,bicubic,20.8607,0.6494,64x16_bicubic_to_128x32,128x32,128x32
medium,63,realesrgan,20.9349,0.6422,canonical_128x32,128x32,128x32
medium,63,tsrn,23.864,0.639,canonical_128x32,128x32,128x32
medium,64,bicubic,17.4758,0.6598,64x16_bicubic_to_128x32,128x32,128x32
medium,64,realesrgan,17.3447,0.6189,canonical_128x32,128x32,128x32
medium,64,tsrn,21.8983,0.7136,canonical_128x32,128x32,128x32
medium,65,bicubic,17.5018,0.6276,64x16_bicubic_to_128x32,128x32,128x32
medium,65,realesrgan,17.3095,0.5995,canonical_128x32,128x32,128x32
medium,65,tsrn,21.8873,0.6882,canonical_128x32,128x32,128x32
medium,66,bicubic,20.9121,0.6127,64x16_bicubic_to_128x32,128x32,128x32
medium,66,realesrgan,20.5755,0.5829,canonical_128x32,128x32,128x32
medium,66,tsrn,23.215,0.6351,canonical_128x32,128x32,128x32
medium,67,bicubic,17.3967,0.6712,64x16_bicubic_to_128x32,128x32,128x32
medium,67,realesrgan,17.0683,0.5896,canonical_128x32,128x32,128x32
medium,67,tsrn,20.5218,0.701,canonical_128x32,128x32,128x32
medium,68,bicubic,21.1217,0.6543,64x16_bicubic_to_128x32,128x32,128x32
medium,68,realesrgan,21.0405,0.6378,canonical_128x32,128x32,128x32
medium,68,tsrn,22.6179,0.6706,canonical_128x32,128x32,128x32
medium,69,bicubic,17.4727,0.6588,64x16_bicubic_to_128x32,128x32,128x32
medium,69,realesrgan,15.7205,0.523,canonical_128x32,128x32,128x32
medium,69,tsrn,21.3638,0.7375,canonical_128x32,128x32,128x32
medium,70,bicubic,21.0969,0.5838,64x16_bicubic_to_128x32,128x32,128x32
medium,70,realesrgan,20.2778,0.5248,canonical_128x32,128x32,128x32
medium,70,tsrn,24.7414,0.6642,canonical_128x32,128x32,128x32
medium,71,bicubic,17.6089,0.6853,64x16_bicubic_to_128x32,128x32,128x32
medium,71,realesrgan,17.3996,0.6323,canonical_128x32,128x32,128x32
medium,71,tsrn,22.1497,0.7168,canonical_128x32,128x32,128x32
medium,72,bicubic,21.025,0.6566,64x16_bicubic_to_128x32,128x32,128x32
medium,72,realesrgan,21.1004,0.6711,canonical_128x32,128x32,128x32
medium,72,tsrn,24.0377,0.7141,canonical_128x32,128x32,128x32
medium,73,bicubic,17.1156,0.6265,64x16_bicubic_to_128x32,128x32,128x32
medium,73,realesrgan,17.1438,0.6032,canonical_128x32,128x32,128x32
medium,73,tsrn,21.348,0.6557,canonical_128x32,128x32,128x32
medium,74,bicubic,21.0374,0.6066,64x16_bicubic_to_128x32,128x32,128x32
medium,74,realesrgan,20.9695,0.5706,canonical_128x32,128x32,128x32
medium,74,tsrn,23.3597,0.5936,canonical_128x32,128x32,128x32
medium,75,bicubic,17.4153,0.6486,64x16_bicubic_to_128x32,128x32,128x32
medium,75,realesrgan,17.3337,0.6149,canonical_128x32,128x32,128x32
medium,75,tsrn,22.0095,0.6891,canonical_128x32,128x32,128x32
medium,76,bicubic,20.8141,0.623,64x16_bicubic_to_128x32,128x32,128x32
medium,76,realesrgan,20.8619,0.6095,canonical_128x32,128x32,128x32
medium,76,tsrn,23.0774,0.5873,canonical_128x32,128x32,128x32
medium,77,bicubic,17.2297,0.6133,64x16_bicubic_to_128x32,128x32,128x32
medium,77,realesrgan,15.0307,0.5113,canonical_128x32,128x32,128x32
medium,77,tsrn,22.6996,0.6768,canonical_128x32,128x32,128x32
medium,78,bicubic,21.0557,0.5507,64x16_bicubic_to_128x32,128x32,128x32
medium,78,realesrgan,19.1219,0.4773,canonical_128x32,128x32,128x32
medium,78,tsrn,23.609,0.6197,canonical_128x32,128x32,128x32
medium,79,bicubic,17.1128,0.5882,64x16_bicubic_to_128x32,128x32,128x32
medium,79,realesrgan,16.7548,0.5047,canonical_128x32,128x32,128x32
medium,79,tsrn,22.2559,0.6168,canonical_128x32,128x32,128x32
medium,80,bicubic,21.2555,0.5841,64x16_bicubic_to_128x32,128x32,128x32
medium,80,realesrgan,21.1936,0.5393,canonical_128x32,128x32,128x32
medium,80,tsrn,23.7521,0.5752,canonical_128x32,128x32,128x32
medium,81,bicubic,17.125,0.6449,64x16_bicubic_to_128x32,128x32,128x32
medium,81,realesrgan,16.8498,0.5817,canonical_128x32,128x32,128x32
medium,81,tsrn,19.207,0.6422,canonical_128x32,128x32,128x32
medium,82,bicubic,20.9797,0.6572,64x16_bicubic_to_128x32,128x32,128x32
medium,82,realesrgan,20.9405,0.611,canonical_128x32,128x32,128x32
medium,82,tsrn,24.1377,0.6694,canonical_128x32,128x32,128x32
medium,83,bicubic,17.1375,0.6046,64x16_bicubic_to_128x32,128x32,128x32
medium,83,realesrgan,15.5906,0.4877,canonical_128x32,128x32,128x32
medium,83,tsrn,21.937,0.6649,canonical_128x32,128x32,128x32
medium,84,bicubic,20.7676,0.5112,64x16_bicubic_to_128x32,128x32,128x32
medium,84,realesrgan,20.5829,0.4804,canonical_128x32,128x32,128x32
medium,84,tsrn,22.1528,0.4903,canonical_128x32,128x32,128x32
medium,85,bicubic,17.0282,0.6301,64x16_bicubic_to_128x32,128x32,128x32
medium,85,realesrgan,17.0445,0.6043,canonical_128x32,128x32,128x32
medium,85,tsrn,21.7501,0.717,canonical_128x32,128x32,128x32
medium,86,bicubic,17.2523,0.6165,64x16_bicubic_to_128x32,128x32,128x32
medium,86,realesrgan,15.3722,0.4841,canonical_128x32,128x32,128x32
medium,86,tsrn,23.8868,0.7072,canonical_128x32,128x32,128x32
medium,87,bicubic,20.5148,0.528,64x16_bicubic_to_128x32,128x32,128x32
medium,87,realesrgan,20.2362,0.4933,canonical_128x32,128x32,128x32
medium,87,tsrn,22.8255,0.5926,canonical_128x32,128x32,128x32
medium,88,bicubic,17.289,0.6341,64x16_bicubic_to_128x32,128x32,128x32
medium,88,realesrgan,16.9218,0.5833,canonical_128x32,128x32,128x32
medium,88,tsrn,21.9698,0.674,canonical_128x32,128x32,128x32
medium,89,bicubic,17.4666,0.644,64x16_bicubic_to_128x32,128x32,128x32
medium,89,realesrgan,16.6227,0.5688,canonical_128x32,128x32,128x32
medium,89,tsrn,21.3291,0.6933,canonical_128x32,128x32,128x32
medium,90,bicubic,20.9845,0.5773,64x16_bicubic_to_128x32,128x32,128x32
medium,90,realesrgan,20.3429,0.5402,canonical_128x32,128x32,128x32
medium,90,tsrn,19.9382,0.5916,canonical_128x32,128x32,128x32
medium,91,bicubic,17.5684,0.6757,64x16_bicubic_to_128x32,128x32,128x32
medium,91,realesrgan,17.3666,0.6275,canonical_128x32,128x32,128x32
medium,91,tsrn,20.8219,0.7136,canonical_128x32,128x32,128x32
medium,92,bicubic,20.5811,0.6147,64x16_bicubic_to_128x32,128x32,128x32
medium,92,realesrgan,20.4134,0.583,canonical_128x32,128x32,128x32
medium,92,tsrn,23.7211,0.6623,canonical_128x32,128x32,128x32
medium,93,bicubic,17.2722,0.6102,64x16_bicubic_to_128x32,128x32,128x32
medium,93,realesrgan,16.6392,0.5271,canonical_128x32,128x32,128x32
medium,93,tsrn,24.0736,0.7039,canonical_128x32,128x32,128x32
medium,94,bicubic,20.7549,0.5511,64x16_bicubic_to_128x32,128x32,128x32
medium,94,realesrgan,20.483,0.5277,canonical_128x32,128x32,128x32
medium,94,tsrn,23.3835,0.5446,canonical_128x32,128x32,128x32
medium,95,bicubic,17.4205,0.6576,64x16_bicubic_to_128x32,128x32,128x32
medium,95,realesrgan,17.1956,0.5962,canonical_128x32,128x32,128x32
medium,95,tsrn,23.344,0.6931,canonical_128x32,128x32,128x32
medium,96,bicubic,20.7601,0.6574,64x16_bicubic_to_128x32,128x32,128x32
medium,96,realesrgan,20.8075,0.6578,canonical_128x32,128x32,128x32
medium,96,tsrn,25.94,0.7557,canonical_128x32,128x32,128x32
medium,97,bicubic,17.6179,0.6874,64x16_bicubic_to_128x32,128x32,128x32
medium,97,realesrgan,16.9126,0.6248,canonical_128x32,128x32,128x32
medium,97,tsrn,19.8854,0.7256,canonical_128x32,128x32,128x32
medium,98,bicubic,21.2473,0.6373,64x16_bicubic_to_128x32,128x32,128x32
medium,98,realesrgan,20.8657,0.6204,canonical_128x32,128x32,128x32
medium,98,tsrn,24.0128,0.6849,canonical_128x32,128x32,128x32
medium,99,bicubic,17.3985,0.6418,64x16_bicubic_to_128x32,128x32,128x32
medium,99,realesrgan,16.7306,0.6451,canonical_128x32,128x32,128x32
medium,99,tsrn,23.203,0.7093,canonical_128x32,128x32,128x32
medium,100,bicubic,20.5904,0.5957,64x16_bicubic_to_128x32,128x32,128x32
medium,100,realesrgan,20.6513,0.6089,canonical_128x32,128x32,128x32
medium,100,tsrn,24.2229,0.7006,canonical_128x32,128x32,128x32
hard,1,bicubic,21.496,0.6572,64x16_bicubic_to_128x32,128x32,128x32
hard,1,realesrgan,16.2337,0.5315,canonical_128x32,128x32,128x32
hard,1,tsrn,22.3491,0.6898,canonical_128x32,128x32,128x32
hard,2,bicubic,23.4472,0.7597,64x16_bicubic_to_128x32,128x32,128x32
hard,2,realesrgan,18.4189,0.6456,canonical_128x32,128x32,128x32
hard,2,tsrn,21.8522,0.7712,canonical_128x32,128x32,128x32
hard,3,bicubic,22.9771,0.7672,64x16_bicubic_to_128x32,128x32,128x32
hard,3,realesrgan,17.2521,0.6112,canonical_128x32,128x32,128x32
hard,3,tsrn,20.241,0.7455,canonical_128x32,128x32,128x32
hard,4,bicubic,21.4173,0.6034,64x16_bicubic_to_128x32,128x32,128x32
hard,4,realesrgan,19.9998,0.4602,canonical_128x32,128x32,128x32
hard,4,tsrn,16.5463,0.5992,canonical_128x32,128x32,128x32
hard,5,bicubic,23.2992,0.5267,64x16_bicubic_to_128x32,128x32,128x32
hard,5,realesrgan,22.1297,0.4353,canonical_128x32,128x32,128x32
hard,5,tsrn,22.754,0.5217,canonical_128x32,128x32,128x32
hard,6,bicubic,20.4235,0.5875,64x16_bicubic_to_128x32,128x32,128x32
hard,6,realesrgan,18.5507,0.466,canonical_128x32,128x32,128x32
hard,6,tsrn,21.5645,0.7034,canonical_128x32,128x32,128x32
hard,7,bicubic,20.3893,0.6116,64x16_bicubic_to_128x32,128x32,128x32
hard,7,realesrgan,16.2449,0.5534,canonical_128x32,128x32,128x32
hard,7,tsrn,19.7409,0.644,canonical_128x32,128x32,128x32
hard,8,bicubic,19.9465,0.5214,64x16_bicubic_to_128x32,128x32,128x32
hard,8,realesrgan,15.6538,0.4461,canonical_128x32,128x32,128x32
hard,8,tsrn,20.1112,0.6146,canonical_128x32,128x32,128x32
hard,9,bicubic,20.6224,0.5848,64x16_bicubic_to_128x32,128x32,128x32
hard,9,realesrgan,17.8354,0.4011,canonical_128x32,128x32,128x32
hard,9,tsrn,22.0629,0.7273,canonical_128x32,128x32,128x32
hard,10,bicubic,19.8805,0.5686,64x16_bicubic_to_128x32,128x32,128x32
hard,10,realesrgan,15.6363,0.5221,canonical_128x32,128x32,128x32
hard,10,tsrn,18.9157,0.6037,canonical_128x32,128x32,128x32
hard,11,bicubic,20.4895,0.5276,64x16_bicubic_to_128x32,128x32,128x32
hard,11,realesrgan,19.8752,0.581,canonical_128x32,128x32,128x32
hard,11,tsrn,24.6532,0.8226,canonical_128x32,128x32,128x32
hard,12,bicubic,20.1083,0.5869,64x16_bicubic_to_128x32,128x32,128x32
hard,12,realesrgan,15.8478,0.5314,canonical_128x32,128x32,128x32
hard,12,tsrn,19.7247,0.6265,canonical_128x32,128x32,128x32
hard,13,bicubic,20.5143,0.6007,64x16_bicubic_to_128x32,128x32,128x32
hard,13,realesrgan,18.0224,0.5042,canonical_128x32,128x32,128x32
hard,13,tsrn,22.3119,0.6802,canonical_128x32,128x32,128x32
hard,14,bicubic,20.715,0.6319,64x16_bicubic_to_128x32,128x32,128x32
hard,14,realesrgan,17.1241,0.5813,canonical_128x32,128x32,128x32
hard,14,tsrn,20.4862,0.6651,canonical_128x32,128x32,128x32
hard,15,bicubic,19.9222,0.5257,64x16_bicubic_to_128x32,128x32,128x32
hard,15,realesrgan,16.6109,0.4641,canonical_128x32,128x32,128x32
hard,15,tsrn,18.4744,0.5834,canonical_128x32,128x32,128x32
hard,16,bicubic,22.5408,0.7193,64x16_bicubic_to_128x32,128x32,128x32
hard,16,realesrgan,20.6074,0.7061,canonical_128x32,128x32,128x32
hard,16,tsrn,23.8423,0.81,canonical_128x32,128x32,128x32
hard,17,bicubic,20.8103,0.604,64x16_bicubic_to_128x32,128x32,128x32
hard,17,realesrgan,20.2849,0.5717,canonical_128x32,128x32,128x32
hard,17,tsrn,23.8527,0.7824,canonical_128x32,128x32,128x32
hard,18,bicubic,21.7679,0.7676,64x16_bicubic_to_128x32,128x32,128x32
hard,18,realesrgan,15.2101,0.5816,canonical_128x32,128x32,128x32
hard,18,tsrn,21.6209,0.8228,canonical_128x32,128x32,128x32
hard,19,bicubic,18.5107,0.4354,64x16_bicubic_to_128x32,128x32,128x32
hard,19,realesrgan,17.0671,0.4377,canonical_128x32,128x32,128x32
hard,19,tsrn,19.314,0.6768,canonical_128x32,128x32,128x32
hard,20,bicubic,22.8685,0.8429,64x16_bicubic_to_128x32,128x32,128x32
hard,20,realesrgan,19.8241,0.8024,canonical_128x32,128x32,128x32
hard,20,tsrn,20.3147,0.7721,canonical_128x32,128x32,128x32
hard,21,bicubic,17.828,0.5579,64x16_bicubic_to_128x32,128x32,128x32
hard,21,realesrgan,17.1788,0.6707,canonical_128x32,128x32,128x32
hard,21,tsrn,20.1718,0.7699,canonical_128x32,128x32,128x32
hard,22,bicubic,23.9301,0.6822,64x16_bicubic_to_128x32,128x32,128x32
hard,22,realesrgan,19.3505,0.6107,canonical_128x32,128x32,128x32
hard,22,tsrn,20.9811,0.7388,canonical_128x32,128x32,128x32
hard,23,bicubic,21.6636,0.722,64x16_bicubic_to_128x32,128x32,128x32
hard,23,realesrgan,18.7111,0.5891,canonical_128x32,128x32,128x32
hard,23,tsrn,20.803,0.7511,canonical_128x32,128x32,128x32
hard,24,bicubic,24.0702,0.5795,64x16_bicubic_to_128x32,128x32,128x32
hard,24,realesrgan,22.3534,0.5284,canonical_128x32,128x32,128x32
hard,24,tsrn,21.7407,0.7479,canonical_128x32,128x32,128x32
hard,25,bicubic,23.7254,0.6982,64x16_bicubic_to_128x32,128x32,128x32
hard,25,realesrgan,20.0877,0.6123,canonical_128x32,128x32,128x32
hard,25,tsrn,21.862,0.7053,canonical_128x32,128x32,128x32
hard,26,bicubic,21.9718,0.7317,64x16_bicubic_to_128x32,128x32,128x32
hard,26,realesrgan,18.7335,0.5675,canonical_128x32,128x32,128x32
hard,26,tsrn,16.1986,0.6824,canonical_128x32,128x32,128x32
hard,27,bicubic,23.6648,0.6008,64x16_bicubic_to_128x32,128x32,128x32
hard,27,realesrgan,22.5032,0.4958,canonical_128x32,128x32,128x32
hard,27,tsrn,20.4291,0.6665,canonical_128x32,128x32,128x32
hard,28,bicubic,22.8958,0.7567,64x16_bicubic_to_128x32,128x32,128x32
hard,28,realesrgan,22.2742,0.6081,canonical_128x32,128x32,128x32
hard,28,tsrn,18.5572,0.6856,canonical_128x32,128x32,128x32
hard,29,bicubic,23.9651,0.6267,64x16_bicubic_to_128x32,128x32,128x32
hard,29,realesrgan,22.652,0.5288,canonical_128x32,128x32,128x32
hard,29,tsrn,22.2443,0.5843,canonical_128x32,128x32,128x32
hard,30,bicubic,25.502,0.8102,64x16_bicubic_to_128x32,128x32,128x32
hard,30,realesrgan,20.3167,0.5847,canonical_128x32,128x32,128x32
hard,30,tsrn,23.1758,0.6935,canonical_128x32,128x32,128x32
hard,31,bicubic,18.4752,0.6204,64x16_bicubic_to_128x32,128x32,128x32
hard,31,realesrgan,17.0612,0.6886,canonical_128x32,128x32,128x32
hard,31,tsrn,19.4021,0.7179,canonical_128x32,128x32,128x32
hard,32,bicubic,25.5779,0.6005,64x16_bicubic_to_128x32,128x32,128x32
hard,32,realesrgan,24.84,0.5537,canonical_128x32,128x32,128x32
hard,32,tsrn,23.8863,0.5542,canonical_128x32,128x32,128x32
hard,33,bicubic,25.7145,0.6521,64x16_bicubic_to_128x32,128x32,128x32
hard,33,realesrgan,24.4833,0.6067,canonical_128x32,128x32,128x32
hard,33,tsrn,20.5991,0.6131,canonical_128x32,128x32,128x32
hard,34,bicubic,25.4091,0.6651,64x16_bicubic_to_128x32,128x32,128x32
hard,34,realesrgan,23.0092,0.5772,canonical_128x32,128x32,128x32
hard,34,tsrn,24.4437,0.5841,canonical_128x32,128x32,128x32
hard,35,bicubic,19.1822,0.593,64x16_bicubic_to_128x32,128x32,128x32
hard,35,realesrgan,17.0655,0.6084,canonical_128x32,128x32,128x32
hard,35,tsrn,21.212,0.699,canonical_128x32,128x32,128x32
hard,36,bicubic,19.6209,0.4619,64x16_bicubic_to_128x32,128x32,128x32
hard,36,realesrgan,17.8903,0.4465,canonical_128x32,128x32,128x32
hard,36,tsrn,18.7071,0.538,canonical_128x32,128x32,128x32
hard,37,bicubic,24.4933,0.7127,64x16_bicubic_to_128x32,128x32,128x32
hard,37,realesrgan,21.787,0.6199,canonical_128x32,128x32,128x32
hard,37,tsrn,21.7794,0.7356,canonical_128x32,128x32,128x32
hard,38,bicubic,21.2268,0.5647,64x16_bicubic_to_128x32,128x32,128x32
hard,38,realesrgan,20.9882,0.5068,canonical_128x32,128x32,128x32
hard,38,tsrn,19.2676,0.5183,canonical_128x32,128x32,128x32
hard,39,bicubic,24.2478,0.7105,64x16_bicubic_to_128x32,128x32,128x32
hard,39,realesrgan,22.8773,0.5842,canonical_128x32,128x32,128x32
hard,39,tsrn,16.0445,0.6803,canonical_128x32,128x32,128x32
hard,40,bicubic,22.316,0.5352,64x16_bicubic_to_128x32,128x32,128x32
hard,40,realesrgan,21.7839,0.4743,canonical_128x32,128x32,128x32
hard,40,tsrn,22.5922,0.6224,canonical_128x32,128x32,128x32
hard,41,bicubic,24.2089,0.5184,64x16_bicubic_to_128x32,128x32,128x32
hard,41,realesrgan,23.3082,0.4399,canonical_128x32,128x32,128x32
hard,41,tsrn,23.1141,0.493,canonical_128x32,128x32,128x32
hard,42,bicubic,21.2852,0.6216,64x16_bicubic_to_128x32,128x32,128x32
hard,42,realesrgan,20.3221,0.5565,canonical_128x32,128x32,128x32
hard,42,tsrn,14.7813,0.6227,canonical_128x32,128x32,128x32
hard,43,bicubic,22.6483,0.5331,64x16_bicubic_to_128x32,128x32,128x32
hard,43,realesrgan,21.9489,0.4767,canonical_128x32,128x32,128x32
hard,43,tsrn,18.5907,0.5827,canonical_128x32,128x32,128x32
hard,44,bicubic,21.2311,0.5916,64x16_bicubic_to_128x32,128x32,128x32
hard,44,realesrgan,19.2091,0.3851,canonical_128x32,128x32,128x32
hard,44,tsrn,18.026,0.5703,canonical_128x32,128x32,128x32
hard,45,bicubic,23.7052,0.5374,64x16_bicubic_to_128x32,128x32,128x32
hard,45,realesrgan,22.6682,0.4701,canonical_128x32,128x32,128x32
hard,45,tsrn,23.2117,0.5233,canonical_128x32,128x32,128x32
hard,46,bicubic,19.4226,0.5675,64x16_bicubic_to_128x32,128x32,128x32
hard,46,realesrgan,18.2033,0.6133,canonical_128x32,128x32,128x32
hard,46,tsrn,21.0125,0.7252,canonical_128x32,128x32,128x32
hard,47,bicubic,22.8164,0.6414,64x16_bicubic_to_128x32,128x32,128x32
hard,47,realesrgan,18.8352,0.5348,canonical_128x32,128x32,128x32
hard,47,tsrn,18.3882,0.6547,canonical_128x32,128x32,128x32
hard,48,bicubic,22.1294,0.5771,64x16_bicubic_to_128x32,128x32,128x32
hard,48,realesrgan,19.3648,0.546,canonical_128x32,128x32,128x32
hard,48,tsrn,19.2324,0.6273,canonical_128x32,128x32,128x32
hard,49,bicubic,21.3381,0.6301,64x16_bicubic_to_128x32,128x32,128x32
hard,49,realesrgan,19.8379,0.6659,canonical_128x32,128x32,128x32
hard,49,tsrn,17.2532,0.5953,canonical_128x32,128x32,128x32
hard,50,bicubic,22.0675,0.6969,64x16_bicubic_to_128x32,128x32,128x32
hard,50,realesrgan,22.1311,0.709,canonical_128x32,128x32,128x32
hard,50,tsrn,24.9137,0.8053,canonical_128x32,128x32,128x32
hard,51,bicubic,21.6826,0.707,64x16_bicubic_to_128x32,128x32,128x32
hard,51,realesrgan,21.2898,0.7094,canonical_128x32,128x32,128x32
hard,51,tsrn,23.2175,0.7456,canonical_128x32,128x32,128x32
hard,52,bicubic,21.1991,0.6711,64x16_bicubic_to_128x32,128x32,128x32
hard,52,realesrgan,21.3679,0.6691,canonical_128x32,128x32,128x32
hard,52,tsrn,21.7517,0.6792,canonical_128x32,128x32,128x32
hard,53,bicubic,21.1406,0.5589,64x16_bicubic_to_128x32,128x32,128x32
hard,53,realesrgan,21.263,0.5942,canonical_128x32,128x32,128x32
hard,53,tsrn,19.6103,0.5972,canonical_128x32,128x32,128x32
hard,54,bicubic,17.2459,0.4727,64x16_bicubic_to_128x32,128x32,128x32
hard,54,realesrgan,16.752,0.4466,canonical_128x32,128x32,128x32
hard,54,tsrn,19.9582,0.7137,canonical_128x32,128x32,128x32
hard,55,bicubic,18.003,0.4938,64x16_bicubic_to_128x32,128x32,128x32
hard,55,realesrgan,17.7821,0.5455,canonical_128x32,128x32,128x32
hard,55,tsrn,20.5165,0.723,canonical_128x32,128x32,128x32
hard,56,bicubic,22.0783,0.6273,64x16_bicubic_to_128x32,128x32,128x32
hard,56,realesrgan,20.2052,0.5579,canonical_128x32,128x32,128x32
hard,56,tsrn,18.6215,0.5906,canonical_128x32,128x32,128x32
hard,57,bicubic,21.4316,0.6251,64x16_bicubic_to_128x32,128x32,128x32
hard,57,realesrgan,20.9703,0.649,canonical_128x32,128x32,128x32
hard,57,tsrn,18.2836,0.6785,canonical_128x32,128x32,128x32
hard,58,bicubic,21.1465,0.5673,64x16_bicubic_to_128x32,128x32,128x32
hard,58,realesrgan,18.3835,0.4933,canonical_128x32,128x32,128x32
hard,58,tsrn,18.0501,0.6742,canonical_128x32,128x32,128x32
hard,59,bicubic,21.0666,0.5744,64x16_bicubic_to_128x32,128x32,128x32
hard,59,realesrgan,19.4419,0.5556,canonical_128x32,128x32,128x32
hard,59,tsrn,18.9304,0.5832,canonical_128x32,128x32,128x32
hard,60,bicubic,22.0349,0.583,64x16_bicubic_to_128x32,128x32,128x32
hard,60,realesrgan,20.6192,0.552,canonical_128x32,128x32,128x32
hard,60,tsrn,23.1882,0.7201,canonical_128x32,128x32,128x32
hard,61,bicubic,21.8071,0.6337,64x16_bicubic_to_128x32,128x32,128x32
hard,61,realesrgan,21.3791,0.6604,canonical_128x32,128x32,128x32
hard,61,tsrn,21.1436,0.686,canonical_128x32,128x32,128x32
hard,62,bicubic,19.1526,0.5223,64x16_bicubic_to_128x32,128x32,128x32
hard,62,realesrgan,16.3722,0.4853,canonical_128x32,128x32,128x32
hard,62,tsrn,19.9795,0.6053,canonical_128x32,128x32,128x32
hard,63,bicubic,18.925,0.5222,64x16_bicubic_to_128x32,128x32,128x32
hard,63,realesrgan,17.5853,0.4911,canonical_128x32,128x32,128x32
hard,63,tsrn,19.9319,0.6094,canonical_128x32,128x32,128x32
hard,64,bicubic,24.1176,0.7381,64x16_bicubic_to_128x32,128x32,128x32
hard,64,realesrgan,24.1225,0.7329,canonical_128x32,128x32,128x32
hard,64,tsrn,23.9888,0.7616,canonical_128x32,128x32,128x32
hard,65,bicubic,24.5036,0.638,64x16_bicubic_to_128x32,128x32,128x32
hard,65,realesrgan,24.6601,0.6978,canonical_128x32,128x32,128x32
hard,65,tsrn,24.7507,0.6933,canonical_128x32,128x32,128x32
hard,66,bicubic,24.8789,0.6069,64x16_bicubic_to_128x32,128x32,128x32
hard,66,realesrgan,24.3908,0.6721,canonical_128x32,128x32,128x32
hard,66,tsrn,26.052,0.7182,canonical_128x32,128x32,128x32
hard,67,bicubic,24.2069,0.6162,64x16_bicubic_to_128x32,128x32,128x32
hard,67,realesrgan,22.7847,0.6307,canonical_128x32,128x32,128x32
hard,67,tsrn,22.3496,0.7515,canonical_128x32,128x32,128x32
hard,68,bicubic,25.0542,0.6673,64x16_bicubic_to_128x32,128x32,128x32
hard,68,realesrgan,22.9885,0.6379,canonical_128x32,128x32,128x32
hard,68,tsrn,24.4533,0.7401,canonical_128x32,128x32,128x32
hard,69,bicubic,23.0544,0.7219,64x16_bicubic_to_128x32,128x32,128x32
hard,69,realesrgan,21.8694,0.7242,canonical_128x32,128x32,128x32
hard,69,tsrn,19.4176,0.7408,canonical_128x32,128x32,128x32
hard,70,bicubic,22.257,0.5345,64x16_bicubic_to_128x32,128x32,128x32
hard,70,realesrgan,20.6779,0.4994,canonical_128x32,128x32,128x32
hard,70,tsrn,21.8906,0.6117,canonical_128x32,128x32,128x32
hard,71,bicubic,21.7482,0.5963,64x16_bicubic_to_128x32,128x32,128x32
hard,71,realesrgan,20.7919,0.6279,canonical_128x32,128x32,128x32
hard,71,tsrn,22.3452,0.6515,canonical_128x32,128x32,128x32
hard,72,bicubic,22.8977,0.684,64x16_bicubic_to_128x32,128x32,128x32
hard,72,realesrgan,23.0447,0.6797,canonical_128x32,128x32,128x32
hard,72,tsrn,24.0606,0.7032,canonical_128x32,128x32,128x32
hard,73,bicubic,20.6619,0.6873,64x16_bicubic_to_128x32,128x32,128x32
hard,73,realesrgan,19.9164,0.6669,canonical_128x32,128x32,128x32
hard,73,tsrn,21.2685,0.6973,canonical_128x32,128x32,128x32
hard,74,bicubic,21.2086,0.6312,64x16_bicubic_to_128x32,128x32,128x32
hard,74,realesrgan,21.3198,0.6357,canonical_128x32,128x32,128x32
hard,74,tsrn,20.0812,0.5939,canonical_128x32,128x32,128x32
hard,75,bicubic,22.0674,0.5415,64x16_bicubic_to_128x32,128x32,128x32
hard,75,realesrgan,22.0054,0.5578,canonical_128x32,128x32,128x32
hard,75,tsrn,21.9374,0.5311,canonical_128x32,128x32,128x32
hard,76,bicubic,18.1392,0.5426,64x16_bicubic_to_128x32,128x32,128x32
hard,76,realesrgan,17.3284,0.5128,canonical_128x32,128x32,128x32
hard,76,tsrn,21.7907,0.8099,canonical_128x32,128x32,128x32
hard,77,bicubic,16.9896,0.4491,64x16_bicubic_to_128x32,128x32,128x32
hard,77,realesrgan,16.2494,0.3726,canonical_128x32,128x32,128x32
hard,77,tsrn,16.636,0.5591,canonical_128x32,128x32,128x32
hard,78,bicubic,17.2479,0.4222,64x16_bicubic_to_128x32,128x32,128x32
hard,78,realesrgan,17.341,0.461,canonical_128x32,128x32,128x32
hard,78,tsrn,17.6025,0.4922,canonical_128x32,128x32,128x32
hard,79,bicubic,22.4675,0.6125,64x16_bicubic_to_128x32,128x32,128x32
hard,79,realesrgan,20.5974,0.5241,canonical_128x32,128x32,128x32
hard,79,tsrn,22.0731,0.6264,canonical_128x32,128x32,128x32
hard,80,bicubic,21.1321,0.5925,64x16_bicubic_to_128x32,128x32,128x32
hard,80,realesrgan,20.1342,0.5993,canonical_128x32,128x32,128x32
hard,80,tsrn,17.4043,0.6398,canonical_128x32,128x32,128x32
hard,81,bicubic,22.2552,0.5731,64x16_bicubic_to_128x32,128x32,128x32
hard,81,realesrgan,17.7368,0.3569,canonical_128x32,128x32,128x32
hard,81,tsrn,19.8753,0.6248,canonical_128x32,128x32,128x32
hard,82,bicubic,20.5229,0.5503,64x16_bicubic_to_128x32,128x32,128x32
hard,82,realesrgan,19.7634,0.5529,canonical_128x32,128x32,128x32
hard,82,tsrn,22.3357,0.5627,canonical_128x32,128x32,128x32
hard,83,bicubic,22.1178,0.5543,64x16_bicubic_to_128x32,128x32,128x32
hard,83,realesrgan,20.9099,0.5755,canonical_128x32,128x32,128x32
hard,83,tsrn,21.3143,0.6257,canonical_128x32,128x32,128x32
hard,84,bicubic,19.5999,0.4782,64x16_bicubic_to_128x32,128x32,128x32
hard,84,realesrgan,18.2396,0.4516,canonical_128x32,128x32,128x32
hard,84,tsrn,19.1123,0.5263,canonical_128x32,128x32,128x32
hard,85,bicubic,18.659,0.5085,64x16_bicubic_to_128x32,128x32,128x32
hard,85,realesrgan,17.6196,0.4651,canonical_128x32,128x32,128x32
hard,85,tsrn,19.6927,0.5594,canonical_128x32,128x32,128x32
hard,86,bicubic,24.3184,0.7844,64x16_bicubic_to_128x32,128x32,128x32
hard,86,realesrgan,24.1296,0.7609,canonical_128x32,128x32,128x32
hard,86,tsrn,23.9898,0.7415,canonical_128x32,128x32,128x32
hard,87,bicubic,25.0844,0.6691,64x16_bicubic_to_128x32,128x32,128x32
hard,87,realesrgan,24.4133,0.6674,canonical_128x32,128x32,128x32
hard,87,tsrn,26.0505,0.7064,canonical_128x32,128x32,128x32
hard,88,bicubic,24.7565,0.6125,64x16_bicubic_to_128x32,128x32,128x32
hard,88,realesrgan,24.3657,0.6351,canonical_128x32,128x32,128x32
hard,88,tsrn,24.0724,0.6545,canonical_128x32,128x32,128x32
hard,89,bicubic,24.2273,0.6215,64x16_bicubic_to_128x32,128x32,128x32
hard,89,realesrgan,23.8914,0.6372,canonical_128x32,128x32,128x32
hard,89,tsrn,23.2019,0.6335,canonical_128x32,128x32,128x32
hard,90,bicubic,25.8673,0.6935,64x16_bicubic_to_128x32,128x32,128x32
hard,90,realesrgan,24.895,0.6862,canonical_128x32,128x32,128x32
hard,90,tsrn,25.2991,0.7023,canonical_128x32,128x32,128x32
hard,91,bicubic,20.8368,0.4549,64x16_bicubic_to_128x32,128x32,128x32
hard,91,realesrgan,19.5585,0.4868,canonical_128x32,128x32,128x32
hard,91,tsrn,17.93,0.4948,canonical_128x32,128x32,128x32
hard,92,bicubic,20.8833,0.5363,64x16_bicubic_to_128x32,128x32,128x32
hard,92,realesrgan,18.9581,0.4797,canonical_128x32,128x32,128x32
hard,92,tsrn,20.962,0.4484,canonical_128x32,128x32,128x32
hard,93,bicubic,21.7292,0.6918,64x16_bicubic_to_128x32,128x32,128x32
hard,93,realesrgan,21.7409,0.7026,canonical_128x32,128x32,128x32
hard,93,tsrn,20.7117,0.7226,canonical_128x32,128x32,128x32
hard,94,bicubic,20.7501,0.6577,64x16_bicubic_to_128x32,128x32,128x32
hard,94,realesrgan,20.3239,0.6354,canonical_128x32,128x32,128x32
hard,94,tsrn,20.9943,0.6846,canonical_128x32,128x32,128x32
hard,95,bicubic,20.7854,0.6332,64x16_bicubic_to_128x32,128x32,128x32
hard,95,realesrgan,20.8186,0.6303,canonical_128x32,128x32,128x32
hard,95,tsrn,21.1959,0.6512,canonical_128x32,128x32,128x32
hard,96,bicubic,20.1156,0.494,64x16_bicubic_to_128x32,128x32,128x32
hard,96,realesrgan,20.0429,0.4901,canonical_128x32,128x32,128x32
hard,96,tsrn,19.848,0.5425,canonical_128x32,128x32,128x32
hard,97,bicubic,21.2593,0.6109,64x16_bicubic_to_128x32,128x32,128x32
hard,97,realesrgan,21.3239,0.6582,canonical_128x32,128x32,128x32
hard,97,tsrn,20.0737,0.6447,canonical_128x32,128x32,128x32
hard,98,bicubic,17.2747,0.46,64x16_bicubic_to_128x32,128x32,128x32
hard,98,realesrgan,16.7141,0.4411,canonical_128x32,128x32,128x32
hard,98,tsrn,19.5773,0.7442,canonical_128x32,128x32,128x32
hard,99,bicubic,17.245,0.4577,64x16_bicubic_to_128x32,128x32,128x32
hard,99,realesrgan,16.5811,0.5545,canonical_128x32,128x32,128x32
hard,99,tsrn,19.0891,0.6361,canonical_128x32,128x32,128x32
hard,100,bicubic,21.6478,0.6185,64x16_bicubic_to_128x32,128x32,128x32
hard,100,realesrgan,20.1264,0.6279,canonical_128x32,128x32,128x32
hard,100,tsrn,19.8626,0.7012,canonical_128x32,128x32,128x32
